﻿name,id
Advertising Services,178
Advertising Services - Online Advertising,179
"All sales of corrective eyeglasses, contact lenses, or hearing aids",128
All sales of durable medical equipment and mobility enhancing equipment,126
"All sales of equipment and related accessories for sleep therapy, inhalation therapy, and electrotherapy dispensed pursuant to a prescription",125
"All sales of insulin measuring and injecting devices, including hypodermic syringes and needles",121
"All sales of medical, feeding, and disposable supplies including any related accessories, for incontinence, infusion, enteral nutrition, ostomy, urology, diabetic care, and wound care dispensed pursuant to a prescription",124
All sales of non-prescription drugs or materials when furnished by a doctor as part of professional services provided to a patient,127
All sales of oxygen delivery equipment and disposable medical supplies related to oxygen delivery dispensed pursuant to a prescription,123
All sales of prosthetic devices,122
All sales of urine- and blood-testing kits and materials,120
Ancillary Services,444
Ancillary Services - Conference bridging service,445
Ancillary Services - Detailed Telecommunications Billing Service,446
Ancillary Services - Directory Assistance,447
Ancillary Services - Vertical Service,448
Ancillary Services - Voice Mail Service,449
"Bakery Items Sold without Eating Utensils Provided by the Seller, Including Bread, Rolls, Buns, Biscuits, Bagels, Croissants, Pastries, Donuts, Danish, Cakes, Tortes, Pies, tarts, Muffins, Bars, Cookies, Tortillas",247
Barber and Beauty Shops,180
Basic Cable Services,208
Beetle wood products,633
Biogas production system components,635
Bottled water,234
Butchering and Meat Processing Services,181
Candy,248
Canned Software Installation or Set-Up Fees (separately stated on invoices),419
Car Detailing Services,182
Car Washing Services,183
Car Waxing Services,184
Catering Services,185
Cell phone service to customers whose primary use is outside Colorado,101
Cigarettes,80
Clothing,210
Clothing Accessories or Equipment,213
Clothing - Essential clothing priced below a state specific threshold,211
Clothing - Fur clothing,212
Coin-Operated Telephone Service,408
Computer,232
Contact Lenses with a Prescription,333
Contact lenses with a prescription paid for by Medicaid,339
Contact lenses with a prescription paid for by Medicare,340
Contact lenses with a prescription reimbursed by Medicaid,341
Contact lenses with a prescription reimbursed by Medicare,342
Contact Lenses without a Prescription,343
Cooking and Food Preparation Services,186
Corrective Eyeglasses with a Prescription,344
Corrective eyeglasses with a prescription paid for by Medicaid,351
Corrective eyeglasses with a prescription paid for by Medicare,352
Corrective eyeglasses with a prescription reimbursed by Medicaid,353
Corrective eyeglasses with a prescription reimbursed by Medicare,360
Corrective Eyeglasses without a Prescription,361
Customization of Canned Software,394
Custom Software Installation or Set-Up Fees (separately stated on invoices),429
Dance Lessons,187
Daycare and Babysitting Services,188
Dental Prosthesis with a Prescription,362
Dental prosthesis with a prescription paid for by Medicaid,368
Dental prosthesis with a prescription paid for by Medicare,369
Dental prosthesis with a prescription reimbursed by Medicaid,370
Dental prosthesis with a prescription reimbursed by Medicare,371
Dental Prosthesis without a Prescription,372
Dietary Supplements,235
Digital audio visual works sold to an end user with rights for permanent use,257
Digital audio visual works sold to users other than the end user.,246
Digital audio visual works sold with rights of use conditioned on continued payment.,260
Digital audio visual works sold with rights of use less than permanent use.,261
Digital audio works sold to an end user with rights for permanent use,262
Digital audio works sold to users other than the end user.,251
Digital audio works sold with rights of use conditioned on continued payments.,266
Digital audio works sold with rights of use less than permanent.,267
Digital books sold to an end user with rights for permanent use,268
Digital books sold to users other than the end user.,252
Digital books sold with rights of use conditioned on continued payments.,271
Digital books sold with rights of use less than permanent.,272
Direct mail advertising materials distributed by persons engaged solely and exclusively in providing cooperative direct mail advertising,91
Drugs for Animal Use to Veterinary Hospitals and Other Animal Medical Facilities,278
Drugs for Animal Use With a Prescription,254
Drugs for Animal Use Without a Prescription,280
Drugs for human use to hospitals,290
Drugs for human use to other medical facilities,291
Drugs for Human Use With a Prescription,292
Drugs for Human Use Without a Prescription,293
Dry Cleaning Services,189
Durable Medical Equipment for Home Use with a Prescription,265
Durable medical equipment for home use with a prescription paid for by Medicaid,269
Durable medical equipment for home use with a prescription paid for by Medicare,270
Durable medical equipment for home use with a prescription reimbursed by Medicaid,274
Durable medical equipment for home use with a prescription reimbursed by Medicare,275
Durable Medical Equipment for Home Use without a Prescription,276
"Durable medical equipment, not for home use, with a prescription",281
"Durable medical equipment, not for home use, with a prescription paid for by Medicaid",282
"Durable medical equipment, not for home use, with a prescription paid for by Medicare",283
"Durable medical equipment, not for home use, with a prescription reimbursed by Medicaid",288
"Durable medical equipment, not for home use, with a prescription reimbursed by Medicare",289
"Durable medical equipment, not for home use, without a prescription",294
"Energy used for industrial, manufacturing, and similar purposes",96
Enteral Feeding Systems for Home Use With a Prescription,317
Enteral feeding systems for home use with a prescription paid for by Medicaid,318
Enteral feeding systems for home use with a prescription paid for by Medicare,319
Enteral feeding systems for home use with a prescription reimbursed by Medicaid,320
Enteral feeding systems for home use with a prescription reimbursed by Medicare,321
Enteral Feeding Systems for Home Use Without a Prescription,325
"Enteral feeding systems, not for home use, with a prescription",326
"Enteral feeding systems, not for home use, with a prescription paid for by Medicaid",327
"Enteral feeding systems, not for home use, with a prescription paid for by Medicare",328
"Enteral feeding systems, not for home use, with a prescription reimbursed by Medicaid",329
"Enteral feeding systems, not for home use, with a prescription reimbursed by Medicare",334
"Enteral feeding systems, not for home use, without a prescription",335
Exempts telephone & telegraph service,630
Farm auction close-out sales,154
Farm equipment,627
Food for home consumption,623
"Food purchased with funds from the supplemental food program for women, infants, and children (WIC)",137
Food Sold Through Vending Machines,250
Food Sold without Eating Utensils Provided by the Seller in an Unheated State by Weight or Volume as a Single Item,255
"Food Sold without Eating Utensils Provided by the Seller Whose Primary NAICS Classification is Manufacturing in Sector 311, except Subsector 3118 (Bakeries)",256
Free Samples of Drugs for Animal Use,286
Free Samples of Drugs for Human Use,297
Free Samples of Prescription Drugs for Animal Use,287
Free Samples of Prescription Drugs for Human Use,302
Fur Repair,190
"Gas, electricity, etc. for residential use",625
Gasoline and special fuel,145
General Merchandise (Tangible Personal Property),1
General Treatment of Services,176
Grooming and Hygiene Products for Animal Use,264
Hardware â€“ electrical â€“ sold to for-profit hospitals,385
Hardware â€“ FLD â€“ sold to for-profit hospitals,386
Hardware â€“ sold to for-profit hospitals,381
Hearing Aids with a Prescription,373
Hearing aids with a prescription paid for by Medicaid,374
Hearing aids with a prescription paid for by Medicare,375
Hearing aids with a prescription reimbursed by Medicaid,376
Hearing aids with a prescription reimbursed by Medicare,377
Hearing Aids without a Prescription,378
Implantable hardware â€“ sold to for-profit hospitals,379
Insulin for Animal Use With a Prescription,263
Insulin for Animal Use Without a Prescription,303
Insulin for Human Use With a Prescription,304
Insulin for Human Use Without a Prescription,305
Interior Design Services,191
International 800 Service,409
International 900 Service,410
International Fixed Wireless Service,411
International Mobile Wireless Service,412
International Prepaid Calling Service,413
International Prepaid Wireless Calling Service,414
International Private Communications Service,415
International Residential Telecommunications Service,420
International Telecommunications Service,421
Internet access service,103
Interstate 800 Service,422
Interstate 900 Service,423
Interstate Fixed Wireless Service,424
Interstate Mobile Wireless Service,425
Interstate Prepaid Calling Service,426
Interstate Prepaid Wireless Calling Service,427
Interstate Private Communications Service,428
Interstate Residential Telecommunications Service,430
Interstate Telecommunications Service,431
Intrastate 800 Service,432
Intrastate 900 Service,433
Intrastate Fixed Wireless Service,434
Intrastate Mobile Wireless Service,435
Intrastate Prepaid Calling Service,436
Intrastate Prepaid Wireless Calling Service,437
Intrastate Private Communications Service,438
Intrastate Residential Telecommunications Service,439
Intrastate Telecommunications Service,440
IT Services,395
Janitorial Services,192
Kennel Services,193
Kidney Dialysis Equipment for Home Use With a Prescription,336
Kidney dialysis equipment for home use with a prescription paid for by Medicaid,337
Kidney dialysis equipment for home use with a prescription paid for by Medicare,338
Kidney dialysis equipment for home use with a prescription reimbursed by Medicaid,345
Kidney dialysis equipment for home use with a prescription reimbursed by Medicare,346
Kidney Dialysis Equipment for Home Use Without a Prescription,347
"Kidney dialysis equipment, not for home use, with a prescription",348
"Kidney dialysis equipment, not for home use, with a prescription paid for by Medicaid",349
"Kidney dialysis equipment, not for home use, with a prescription paid for by Medicare",350
"Kidney dialysis equipment, not for home use, with a prescription reimbursed by Medicaid",354
"Kidney dialysis equipment, not for home use, with a prescription reimbursed by Medicare",355
"Kidney dialysis equipment, not for home use, without a prescription",356
Landscaping Services,194
Lawn Care Services,195
Leases of personal property for three years or less if tax is paid upon original acquisition,84
Limousine Services,196
Local Services as defined by this state,441
Lodging for permanent residents,79
Machinery or machine tools equipment used for processing recovered materials per business list on Public Health & Environment,637
Mandatory computer software maintenance contracts with respect to non-prewritten (custom) computer software,382
Mandatory computer software maintenance contracts with respect to non-prewritten (custom) software which is delivered electronically,383
Mandatory computer software maintenance contracts with respect to non-prewritten (custom) software which is delivered via load and leave,384
Mandatory computer software maintenance contracts with respect to prewritten computer software,387
Mandatory computer software maintenance contracts with respect to prewritten computer software which is delivered electronically,388
Mandatory computer software maintenance contracts with respect to prewritten computer software which is delivered via load and leave,390
"Mandatory Software Maintenance Agreement, separately stated charges for canned software updates",391
"Mandatory Software Maintenance Agreement, separately stated charges for services",392
Manufactured Homes (Other than Modular Homes),639
Medical Oxygen for Animal Use With a Prescription,308
Medical Oxygen for Animal Use Without a Prescription,309
Medical Oxygen for Human Use With a Prescription,310
Medical Oxygen for Human Use Without a Prescription,311
Mobility Enhancing Equipment with a Prescription,359
Mobility enhancing equipment with a prescription paid for by Medicaid,363
Mobility enhancing equipment with a prescription paid for by Medicare,364
Mobility enhancing equipment with a prescription reimbursed by Medicaid,365
Mobility enhancing equipment with a prescription reimbursed by Medicare,366
Mobility Enhancing Equipment without a Prescription,367
Modular Homes,144
"Motor vehicles over 10,000 pounds that run on certain alternative fuels",629
"Motor vehicles over 26,000 pounds compliant with EPA emissions standards",111
Moving Services,197
New and used commercial trucks and trailers purchased in Colorado for use outside Colorado or in interstate commerce and permanently licensed and registered outside this state,110
Newspaper advertising supplements,90
Newspapers,89
Newspapers - Electronically Delivered,277
Non-prewritten (custom) computer software,233
Non-prewritten (custom) computer software delivered electronically,238
Non-prewritten (custom) computer software delivered via load and leave,239
Nuclear fuel when deemed a wholesale sale,77
Occasional sales by charitable organizations,626
Optional computer software maintenance contracts with respect to non-prewritten (custom) computer software provide updates or upgrades delivered via load and leave and support services to the software,393
Optional computer software maintenance contracts with respect to non-prewritten (custom) computer software that only provide support services to the software,389
Optional computer software maintenance contracts with respect to non-prewritten (custom) computer software that only provide updates or upgrades delivered electronically with respect to the software,397
Optional computer software maintenance contracts with respect to non-prewritten (custom) computer software that only provide updates or upgrades delivered via load and leave with respect to the software,398
Optional computer software maintenance contracts with respect to non-prewritten (custom) computer software that only provide updates or upgrades with respect to the software,399
Optional computer software maintenance contracts with respect to non-prewritten (custom) computer software that provide updates or upgrades and support services to the software,400
Optional computer software maintenance contracts with respect to non-prewritten (custom) computer software that provide updates or upgrades delivered electronically and support services to the software,403
Optional computer software maintenance contracts with respect to prewritten computer software that only provide support services to the software,404
Optional computer software maintenance contracts with respect to prewritten computer software that only provide updates or upgrades delivered electronically with respect to the software,405
Optional computer software maintenance contracts with respect to prewritten computer software that only provide updates or upgrades delivered via load and leave with respect to the software,406
Optional computer software maintenance contracts with respect to prewritten computer software that only provide updates or upgrades with respect to the software,407
Optional computer software maintenance contracts with respect to prewritten computer software that provide updates and upgrades delivered electronically and support services to the software,416
Optional computer software maintenance contracts with respect to prewritten computer software that provide updates and upgrades delivered via load and leave and support services to the software,417
Optional computer software maintenance contracts with respect to prewritten computer software that provide updates or upgrades and support services to the software,418
Over-the-Counter Drugs for Animal Use With a Prescription,284
Over-the-Counter Drugs for Animal Use Without a Prescription,285
Over-the-Counter Drugs for Human Use With a Prescription,295
Over-the-Counter Drugs for Human Use Without a Prescription,296
Oxygen Delivery Equipment for Home Use with a Prescription,298
Oxygen delivery equipment for home use with a prescription paid for by Medicaid,299
Oxygen delivery equipment for home use with a prescription paid for by Medicare,300
Oxygen delivery equipment for home use with a prescription reimbursed by Medicaid,301
Oxygen delivery equipment for home use with a prescription reimbursed by Medicare,306
Oxygen Delivery Equipment for Home Use without a Prescription,357
"Oxygen delivery equipment, not for home use, with a prescription",307
"Oxygen delivery equipment, not for home use, with a prescription paid for by Medicaid",313
"Oxygen delivery equipment, not for home use, with a prescription paid for by Medicare",314
"Oxygen delivery equipment, not for home use, with a prescription reimbursed by Medicaid",315
"Oxygen delivery equipment, not for home use, with a prescription reimbursed by Medicare",316
"Oxygen delivery equipment, not for home use, without a prescription",358
Paging service,442
Pay Per View,209
Pay Telephone Service,443
"Pesticides. Effective July 1, 2012 sales of pesticides are considered wholesale sales and are not subject to state or state collected local sales or use taxes. These sales will be reported on the DR 0100 Deductions and Exemptions Schedule Line 2b (8).",628
Pet Grooming Services,198
Phone Support Services,396
Pool Cleaning Services,199
Prepared Food,50
Prescription Drugs for Animal Use to Hospitals and Other Animal Medical Facilities,279
Prescription drugs for human use to hospitals,258
Prescription drugs for human use to other medical facilities,259
Prewritten Computer Software,240
Prewritten Computer Software Delivered Electronically,241
Prewritten Computer Software Delivered Via Load and Leave,242
Printers ink and newsprint,93
Professional Services,200
Property for use in food manufacturing when such property becomes part of the product or is left unfit for further use,95
Property transferred by a supplier to out-of-state vendors for use in selling products at wholesale by the supplier,85
"Property used for testing, modification, inspection, or similar activities in the state when such activities occur for a period of 90 days or less and if the ultimate use of the property in manufacturing or similar activities occurs outside of this state",99
Property used in space flight,636
Prosthetic Devices with a Prescription,322
Prosthetic devices with a prescription paid for by Medicaid,323
Prosthetic devices with a prescription paid for by Medicare,324
Prosthetic devices with a prescription reimbursed by Medicaid,330
Prosthetic devices with a prescription reimbursed by Medicare,331
Prosthetic Devices without a Prescription,332
Protective Equipment,214
Purchases of machinery or machine tools used in manufacturing process,98
"Refractory materials and carbon electrodes used in manufacturing iron and steel, and inorganic chemicals used in processing uranium-vanadium ores",97
Renewable energy components,632
Repair and replacement parts for durable medical equipment which are for single patient use,312
Retail Sales of Marijuana,638
Sale by an association or organization of parents and teachers of public school students that is a charitable organization,134
Sale of a new or used aircraft to a non resident,109
"Sales and purchases of personal property used as a component part of manufactured goods donated to tax-exempt organizations to the extent that the aggregate value of the goods included in a single donation exceeds $1,000",100
Sales and use tax for clean technology and medical devices,116
Sales of agricultural compounds & bull semen,151
Sales of aircraft component parts,108
Sales of aircraft used or purchased for use in interstate commerce by commercial airlines,107
"Sales of any article, containers, or bags to a retailer or vendor of food if provided to the consumer without a separate charge",138
Sales of bingo and raffle equipment,87
Sales of biotechnology equipment,112
"Sales of commercial vehicles over 26,000 gross vehicle weight",104
"Sales of construction and building materials for use by contractors on public works projects, tax-exempt organizations (charitable organizations) and public schools",142
Sales of construction materials to a common carrier by rail,143
Sales of dairy equipment,150
"Sales of farm parts used in the repair or maintenance of farm equipment (combined with Colo. Rev. Stat. sec. 39-26-716(2)(b), sales of farm equipment)",149
"Sales of feed for livestock, seeds, and orchard trees",156
Sales of food purchased with food stamps,136
"Sales of fuel for residential heat, light, and power",146
Sales of glucose for treatment of insulin reactions and insulin measuring and injecting devices,119
Sales of insulin,118
Sales of live fish for stocking,155
Sales of materials used in the printing process,92
Sales of motor vehicles by nonresidents purchased for use by nonresidents outside Colorado,105
Sales of personal property through vending machines of 15 cents or less,86
Sales of pesticides,152
Sales of pollution control equipment sold to businesses,113
Sales of precious metal bullion and coins,81
Sales of prescription drugs,117
Sales of railroad capital equipment (combined with Colo. Rev. Stat. sec. 39-26-710(1)(a)),83
"Sales of straw for livestock bedding (combined with Colo. Rev. Stat. sec. 39-26-716(4)(b) , sales of feed for livestock, seeds, and orchard trees)",157
"Sales of straw for poultry bedding (combined with Colo. Rev. Stat. sec. 39-26-716(4)(b) , sales of feed for livestock, seeds, and orchard trees)",158
Sales of wireless telecommunications equipment,102
"Sales, storage, and use of machinery that comprises a cleanroom, in excess of $500.00 used to produce tangible property",114
"Sales, storage, and use of wood from salvaged trees killed or infested in Colorado by mountain pine beetles",159
Sales tax refund for commercial vehicles used in interstate commerce,106
Sales that benefit Colorado schools,135
Sales to charitable organizations,131
Sales to governmental units,129
Sales to public schools,130
"Sale, storage and use of neat cattle, sheep, lambs, poultry, swine, goats, and horse breeding stock and sales and purchases of livestock and poultry",153
Sales to residents of a bordering state within 20 miles of the state border if the bordering state does not have a sales tax,78
School-related sales,634
Services Required to Complete a Sale of Tangible Personal Property (Other than Delivery or Installation),177
Skin graft products â€“ sold to for-profit hospitals,380
Soft Drinks,236
Special events sales by veterans' organizations,132
Special fuel for farm vehicles,147
Sport or Recreational Equipment,215
Subscriptions to satellite radio services,253
Tangible property becoming an ingredient or component part of the product or service manufactured,94
Tanning Salon Services,201
Tattoo Services,202
Taxidermy,203
Towing Services,204
Transfers of assets in a certain types of business formation or dissolution,76
Tree Trimming Services,205
Value of meals furnished to employees of food service establishments for free or at reduced rates and considered part of their incomes,140
Waste tire fee is tax exempt,82
Web Design Services,206
Window Cleaning Services,207
